Model,Horizon,MAE,MAPE,MSE,RMSE,R2,Pred_Len
SpikeDLinear,168,14.592825889587402,4.813268035650253,391.52056884765625,19.786878704021415,0.9405611753463745,168 (Step-1)
