Model,Horizon,MAE,MAPE,MSE,RMSE,R2,Pred_Len
SpikeDLinear,24,6.233388423919678,1.9013984128832817,86.28326416015625,9.288878520045154,0.986731767654419,24 (Step-1)
