Model,Horizon,MAE,MAPE,MSE,RMSE,R2,Pred_Len
SpikeDLinear,48,9.042860984802246,2.8668733313679695,148.0464324951172,12.167433274734536,0.9772823452949524,48 (Step-1)
