Model,Horizon,MAE,MAPE,MSE,RMSE,R2,Pred_Len
SpikeDLinear,12,5.114108562469482,1.534608006477356,57.498565673828125,7.582780866794723,0.9911494255065918,12 (Step-1)
