Model,Horizon,MAE,MAPE,MSE,RMSE,R2,Pred_Len
SpikeDLinear,6,3.559253454208374,1.07139078900218,31.335214614868164,5.597786581754271,0.9951745867729187,6 (Step-1)
