Model,Horizon,MAE,MAPE,MSE,RMSE,R2,Pred_Len
SpikeDLinear,96,11.3320894241333,3.623819351196289,227.27490234375,15.075639367660331,0.9652718901634216,96 (Step-1)
