Model,Horizon,MAE,MSE,RMSE,MAPE,R2,MAE_Sudden
dlinear,96,10.389940778270166,189.1885674120917,13.7545835055843,3.173404877808153,0.9711005006544261,10.892401210271352
