Model,Horizon,MAE,MSE,RMSE,MAPE,R2,MAE_Sudden
dlinear,48,8.910191664675924,141.13248485825991,11.879919396117968,2.7155673192326684,0.9783451021520105,9.03061864661693
