Model,Horizon,MAE,MSE,RMSE,MAPE,R2,MAE_Sudden
dlinear,12,5.676346053915803,61.7903639919298,7.86068470248806,1.7338273891824159,0.9904883613538072,5.271684782256299
