Model,Horizon,MAE,MSE,RMSE,MAPE,R2,MAE_Sudden
dlinear,24,7.7511007999854495,108.16787090285817,10.40037840190722,2.345950271654047,0.9833660708229257,7.099146153865087
