Model,Horizon,MAE,MSE,RMSE,MAPE,R2,MAE_Sudden
dlinear,168,11.873929554579943,252.08393278047302,15.87715128039262,3.6048331752179252,0.9617491085693419,12.641430606921771
