Model,Horizon,MAE,MSE,RMSE,MAPE,R2,MAE_Sudden
dlinear,6,4.680895696692338,45.62171649376755,6.754384982644057,1.4243337766255828,0.9929740915571797,5.386506471026873
