Model,Horizon,MAE,MSE,RMSE,MAPE,R2,MAE_Sudden
dlinear,6,5.576154768963006,88.41061319389115,9.402691805748562,2.0968314062627136,0.9813210196500192,16.981025740555637
