Model,Horizon,MAE,MSE,RMSE,MAPE,R2,MAE_Sudden
dlinear,24,8.849949157048062,172.0383652075809,13.116339626876886,3.3596935393325698,0.9637116597938199,17.175936011812553
