Model,Horizon,MAE,MSE,RMSE,MAPE,R2,MAE_Sudden
dlinear,48,10.5696387095103,226.23634432430123,15.041155019622037,3.998512185949685,0.9523836938385674,17.917183573550975
