Model,Horizon,MAE,MSE,RMSE,MAPE,R2,MAE_Sudden
dlinear,96,12.948774089045877,330.25662040000714,18.17296399600261,4.845362838490157,0.9307980491829316,19.995067092939756
