Model,Horizon,MAE,MSE,RMSE,MAPE,R2,MAE_Sudden
dlinear,168,15.736244152269295,470.6752200770383,21.69505058940952,5.906683312291755,0.9018761681480815,22.086526974227233
