Model,Horizon,MAE,MSE,RMSE,MAPE,R2,MAE_Sudden
dlinear,12,6.982471081583519,123.07281044855849,11.093818569300586,2.631910009713224,0.9740117519081286,16.64646860537416
