Model,Horizon,MAE,MAPE,MSE,RMSE,R2,Pred_Len
SpikeDLinear,6,1023.347412109375,15.947876870632172,6901173.5,2627.0084697236894,0.9567341804504395,6 (Step-1)
