Model,Horizon,MAE,MAPE,MSE,RMSE,R2,Pred_Len
SpikeDLinear,24,1806.87646484375,22.701264917850494,20951040.0,4577.230603760313,0.8688707947731018,24 (Step-1)
