Model,Horizon,MAE,MAPE,MSE,RMSE,R2,Pred_Len
SpikeDLinear,96,5904.935546875,86.4278793334961,170345584.0,13051.650623580146,-0.05913877859711647,96 (Step-1)
