Model,Horizon,MAE,MAPE,MSE,RMSE,R2,Pred_Len
SpikeDLinear,12,1266.9215087890625,18.3612659573555,9684155.0,3111.9374993723764,0.939322292804718,12 (Step-1)
