Model,Horizon,MAE,MAPE,MSE,RMSE,R2,Pred_Len
SpikeDLinear,168,8543.126953125,171.9771385192871,257441328.0,16044.978279823254,-0.5897530913352966,168 (Step-1)
