Model,Horizon,MAE,MAPE,MSE,RMSE,R2,Pred_Len
SpikeDLinear,48,3312.009033203125,38.46379220485687,65911724.0,8118.603574507133,0.5883828997612,48 (Step-1)
