Model,Horizon,MAE,MAPE,MSE,RMSE,R2,Pred_Len
SpikeDLinear,6,7.451915740966797,2.250414155423641,173.18853759765625,13.160111610379916,0.9759190082550049,6 (Step-1)
