Model,Horizon,MAE,MAPE,MSE,RMSE,R2,Pred_Len
SpikeDLinear,48,17.300962448120117,5.428337678313255,920.7388305664062,30.34367859318323,0.8720535635948181,48 (Step-1)
