Model,Horizon,MAE,MAPE,MSE,RMSE,R2,Pred_Len
SpikeDLinear,168,29.57413673400879,9.579363465309143,2581.3876953125,50.8073586728586,0.6403329372406006,168 (Step-1)
