Model,Horizon,MAE,MAPE,MSE,RMSE,R2,Pred_Len
SpikeDLinear,24,12.992802619934082,3.9643779397010803,577.7776489257812,24.037005822809572,0.9196935296058655,24 (Step-1)
