Model,Horizon,MAE,MAPE,MSE,RMSE,R2,Pred_Len
SpikeDLinear,96,22.923019409179688,7.280411571264267,1512.0260009765625,38.88477852549198,0.7897966504096985,96 (Step-1)
