Model,Horizon,MAE,MAPE,MSE,RMSE,R2,Pred_Len
SpikeDLinear,12,9.62480640411377,2.944915182888508,303.2059326171875,17.412809440672905,0.9578458666801453,12 (Step-1)
