Model,Horizon,MAE,MAPE,MSE,RMSE,R2,Pred_Len
SpikeDLinear,24,0.46004247665405273,8.896017074584961,0.7101464867591858,0.842701896734062,0.9918293356895447,24 (Step-1)
