Model,Horizon,MAE,MAPE,MSE,RMSE,R2,Pred_Len
SpikeDLinear,48,0.5985410213470459,11.341408640146255,0.9570508003234863,0.978289732299939,0.9889504313468933,48 (Step-1)
