Model,Horizon,MAE,MAPE,MSE,RMSE,R2,Pred_Len
SpikeDLinear,96,1.216490626335144,76.49262547492981,2.7657487392425537,1.663054039784202,0.9672029614448547,96 (Step-1)
