Model,Horizon,MAE,MAPE,MSE,RMSE,R2,Pred_Len
SpikeDLinear,48,1.0613627433776855,81.17873072624207,2.265371322631836,1.5051150529550343,0.9733017086982727,48 (Step-1)
