Model,Horizon,MAE,MAPE,MSE,RMSE,R2,Pred_Len
SpikeDLinear,168,1.370295524597168,76.41214728355408,3.365870237350464,1.8346308177261341,0.9597129821777344,168 (Step-1)
