Model,Horizon,MAE,MAPE,MSE,RMSE,R2,Pred_Len
SpikeDLinear,48,0.5791873931884766,9.97387245297432,0.7589690685272217,0.8711883083049391,0.875885546207428,48 (Step-1)
