Model,Horizon,MAE,MAPE,MSE,RMSE,R2,Pred_Len
SpikeDLinear,168,1.0372567176818848,15.434876084327698,2.15634822845459,1.4684509622233184,0.6431781649589539,168 (Step-1)
