Model,Horizon,MAE,MAPE,MSE,RMSE,R2,Pred_Len
SpikeDLinear,24,0.45451828837394714,7.934912294149399,0.534041702747345,0.7307815697917847,0.9128293991088867,24 (Step-1)
