Model,Horizon,MAE,MAPE,MSE,RMSE,R2,Pred_Len
SpikeDLinear,96,0.7264469265937805,11.30625605583191,1.086428165435791,1.042318648703836,0.8216822743415833,96 (Step-1)
