MAE,RMSE,MAPE,R2,MSE,Model,Horizon
7.4060197,11.489439,3.457768,0.9478273,132.0072,lstm,48
