MAE,RMSE,MAPE,R2,MSE,Model,Horizon
14.652476,20.831383,6.930317,0.8262521,433.94647,lstm,168
