MAE,RMSE,MAPE,R2,MSE,Model,Horizon
2.9041026,5.3171377,1.4787079,0.98882496,28.271955,lstm,6
