MAE,RMSE,MAPE,R2,MSE,Model,Horizon
3.0796223,5.789262,1.4842292,0.98675954,33.515553,lstm,12
