MAE,RMSE,MAPE,R2,MSE,Model,Horizon
10.551597,15.208667,4.8424006,0.9080852,231.30356,lstm,96
