MAE,RMSE,MAPE,R2,MSE,Model,Horizon
4.781384,7.732487,2.3398335,0.9763801,59.79136,lstm,24
