MAE,RMSE,MAPE,R2,MSE,Model,Horizon
3.5014913,5.9085975,1.7669095,0.9862005,34.911522,patchtst,6
