MAE,RMSE,MAPE,R2,MSE,Model,Horizon
3.4851074,6.1740875,1.7311056,0.98494077,38.119358,patchtst,12
