MAE,RMSE,MAPE,R2,MSE,Model,Horizon
11.296172,15.740235,5.24578,0.9015478,247.75502,patchtst,96
