MAE,RMSE,MAPE,R2,MSE,Model,Horizon
4.9446306,8.171101,2.3254325,0.9736245,66.766884,patchtst,24
