MAE,RMSE,MAPE,R2,MSE,Model,Horizon
15.884392,21.533142,7.513103,0.8143486,463.6762,patchtst,168
