MAE,RMSE,MAPE,R2,MSE,Model,Horizon
7.8959274,11.710842,3.6883469,0.9457972,137.14381,patchtst,48
