MAE,RMSE,MAPE,R2,MSE,Model,Horizon
6.0654287,7.643632,2.701892,0.9769063,58.42511,transformer,6
