MAE,RMSE,MAPE,R2,MSE,Model,Horizon
17.413925,22.81552,8.250316,0.7915777,520.5479,transformer,168
