MAE,RMSE,MAPE,R2,MSE,Model,Horizon
8.639796,12.6529875,4.0676246,0.9367251,160.09808,transformer,48
