MAE,RMSE,MAPE,R2,MSE,Model,Horizon
12.792729,17.46263,6.150381,0.87882245,304.94342,transformer,96
