MAE,RMSE,MAPE,R2,MSE,Model,Horizon
3.7537732,6.134791,1.7827322,0.98513186,37.635662,transformer,12
