MAE,RMSE,MAPE,R2,MSE,Model,Horizon
5.413121,8.762879,2.5200093,0.96966577,76.78805,transformer,24
