Model,Horizon,MAE,MAPE,MSE,RMSE,R2,Pred_Len
SpikeDLinear,48,0.742109477519989,7.388076931238174,1.339737892150879,1.1574704713947908,0.9784353375434875,48 (Step-1)
