Model,Horizon,MAE,MAPE,MSE,RMSE,R2,Pred_Len
SpikeDLinear,6,0.49902865290641785,4.448998346924782,0.9161273837089539,0.9571454349830824,0.985312283039093,6 (Step-1)
