Model,Horizon,MAE,MAPE,MSE,RMSE,R2,Pred_Len
SpikeDLinear,168,1.1348068714141846,11.112163215875626,2.363152265548706,1.5372547822494183,0.9614077806472778,168 (Step-1)
