Model,Horizon,MAE,MAPE,MSE,RMSE,R2,Pred_Len
SpikeDLinear,24,0.665688693523407,6.810823827981949,1.1870940923690796,1.0895384767731149,0.9809371829032898,24 (Step-1)
