Model,Horizon,MAE,MAPE,MSE,RMSE,R2,Pred_Len
SpikeDLinear,96,2.0692312717437744,2.684927172958851,10.047283172607422,3.1697449696477826,0.9043059349060059,96 (Step-1)
