Model,Horizon,MAE,MAPE,MSE,RMSE,R2,Pred_Len
SpikeDLinear,168,2.4710896015167236,3.223513811826706,13.974327087402344,3.7382251252970766,0.8652586936950684,168 (Step-1)
