Model,Horizon,MAE,MAPE,MSE,RMSE,R2,Pred_Len
SpikeDLinear,24,2.393019914627075,62.063854932785034,66.77149200439453,8.171382502636536,0.6603326797485352,24 (Step-1)
