Model,Horizon,MAE,MAPE,MSE,RMSE,R2,Pred_Len
SpikeDLinear,12,2.0742883682250977,61.26776337623596,42.22222137451172,6.497862831309362,0.7850784659385681,12 (Step-1)
