Model,Horizon,MAE,MAPE,MSE,RMSE,R2,Pred_Len
SpikeDLinear,6,1.0450611114501953,25.434258580207825,11.958545684814453,3.458113023718926,0.9391107559204102,6 (Step-1)
