Model,Horizon,MAE,MAPE,MSE,RMSE,R2,Pred_Len
SpikeDLinear,96,6.30712366104126,216.89035892486572,358.6800231933594,18.93884957417845,-0.8149361610412598,96 (Step-1)
