Model,Horizon,MAE,MAPE,MSE,RMSE,R2,Pred_Len
SpikeDLinear,48,4.3885369300842285,126.02794170379639,284.0730285644531,16.854466131101663,-0.44327250123023987,48 (Step-1)
