Model,Horizon,MAE,MAPE,MSE,RMSE,R2,Pred_Len
SpikeDLinear,168,7.406033515930176,307.0507526397705,248.54652404785156,15.765358354564972,-0.2511276602745056,168 (Step-1)
