Model,Horizon,MAE,MSE,RMSE,MAPE,R2,MAE_Sudden
dlinear,12,0.05560252750621427,0.005763967974382371,0.07592080067005597,0.6788725721836321,0.8701127799817379,0.06869314360041708
