Model,Horizon,MAE,MSE,RMSE,MAPE,R2,MAE_Sudden
dlinear,6,0.04717547260534921,0.004333069390174564,0.06582605403770277,0.5756812059928997,0.9023199010032793,0.06620500547122028
