Model,Horizon,MAE,MSE,RMSE,MAPE,R2,MAE_Sudden
dlinear,96,0.0763426007273233,0.010640728182820315,0.10315390532025588,0.9322045795243603,0.7612309715128424,0.0976930339544359
