Model,Horizon,MAE,MSE,RMSE,MAPE,R2,MAE_Sudden
dlinear,48,0.06802683612067698,0.008405361219226018,0.09168075708253078,0.8305165144592083,0.8109118310777976,0.08784387515124553
