Model,Horizon,MAE,MSE,RMSE,MAPE,R2,MAE_Sudden
dlinear,168,0.0841510711329069,0.012841861561239868,0.11332193768745692,1.0276311346512665,0.7129731847796356,0.10564680695314702
