Model,Horizon,MAE,MSE,RMSE,MAPE,R2,MAE_Sudden
dlinear,24,0.06055021942454661,0.006794390802039109,0.082428094737408,0.7392750897639508,0.8469844048124375,0.08036755895789575
