Model,Horizon,MAE,MSE,RMSE,MAPE,R2,MAE_Sudden
dlinear,6,4.89748933548605,60.39379115354067,7.7713442307969265,2.2991465784309306,0.9758230773636005,12.55671624953667
