Model,Horizon,MAE,MSE,RMSE,MAPE,R2,MAE_Sudden
dlinear,12,5.9634754249064565,82.31474814593385,9.072747552199049,2.792114382856571,0.9670551082124231,12.661082337039362
