Model,Horizon,MAE,MSE,RMSE,MAPE,R2,MAE_Sudden
dlinear,168,14.57185119000303,420.04233667838713,20.49493441507894,6.923092581678649,0.8337149518272546,21.346935852733075
