Model,Horizon,MAE,MSE,RMSE,MAPE,R2,MAE_Sudden
dlinear,24,7.622144879299725,123.1802260641662,11.098658750685427,3.5789536082489644,0.9507262596935525,13.275445207673396
