Model,Horizon,MAE,MSE,RMSE,MAPE,R2,MAE_Sudden
dlinear,96,11.618206599224266,255.86179521952394,15.995680517549854,5.477906943184669,0.8981492444287016,17.165040350600798
