Model,Horizon,MAE,MSE,RMSE,MAPE,R2,MAE_Sudden
dlinear,48,9.487793623840624,177.2228024446446,13.312505490877538,4.482926164087599,0.9292027946395643,14.66740150389438
