Model,Horizon,MAE,MAPE,MSE,RMSE,R2,Pred_Len
SpikeDLinear,48,12.960506439208984,5.349097773432732,343.0330810546875,18.521152260447714,0.9278028607368469,48 (Step-1)
