Model,Horizon,MAE,MAPE,MSE,RMSE,R2,Pred_Len
SpikeDLinear,12,5.969104766845703,2.306140959262848,92.1775131225586,9.600912098470571,0.9805359244346619,12 (Step-1)
