Model,Horizon,MAE,MAPE,MSE,RMSE,R2,Pred_Len
SpikeDLinear,168,21.560653686523438,9.107602387666702,922.2125854492188,30.367953264077887,0.8080184459686279,168 (Step-1)
