Model,Horizon,MAE,MAPE,MSE,RMSE,R2,Pred_Len
SpikeDLinear,6,4.569572925567627,1.7456740140914917,59.83304977416992,7.735182594753011,0.9873583912849426,6 (Step-1)
