Model,Horizon,MAE,MAPE,MSE,RMSE,R2,Pred_Len
SpikeDLinear,24,9.35976505279541,3.821980208158493,192.9242706298828,13.889718162363224,0.9593090415000916,24 (Step-1)
