Model,Horizon,MAE,MAPE,MSE,RMSE,R2,Pred_Len
SpikeDLinear,96,17.88115692138672,7.538429647684097,665.6620483398438,25.800427289869518,0.8605363965034485,96 (Step-1)
