Model,Horizon,MAE,MSE,RMSE,MAPE,R2,MAE_Sudden
dlinear,6,0.03763083683632143,0.003662761194830538,0.06052075011787724,0.4796302675465863,0.9078129636714636,0.12433745140012092
