Model,Horizon,MAE,MSE,RMSE,MAPE,R2,MAE_Sudden
dlinear,48,0.050604697987272795,0.005739012160116144,0.07575626812426905,0.6464595746131664,0.8560642875721416,0.1443503069347884
