Model,Horizon,MAE,MSE,RMSE,MAPE,R2,MAE_Sudden
dlinear,12,0.042321355258350304,0.00442109617629729,0.06649132406786085,0.5394925082534128,0.8887825428515412,0.13091069448115542
