Model,Horizon,MAE,MSE,RMSE,MAPE,R2,MAE_Sudden
dlinear,168,0.06400985471888586,0.00917267125416677,0.09577406357760315,0.8159709788314796,0.7722651450525627,0.18123146314210453
