Model,Horizon,MAE,MSE,RMSE,MAPE,R2,MAE_Sudden
dlinear,24,0.044654573595517645,0.004685541235054821,0.0684510133968433,0.5700551882356708,0.8822486309506107,0.13451395251180104
