Model,Horizon,MAE,MSE,RMSE,MAPE,R2,MAE_Sudden
dlinear,96,0.05639963246866892,0.007375391287991782,0.0858800983231376,0.7187746822231034,0.8157692355941687,0.16832033598404908
