Model,Horizon,MAE,MAPE,MSE,RMSE,R2,Pred_Len
SpikeDLinear,6,0.14989174902439117,1.851312629878521,0.06262850761413574,0.25025688325026296,0.989973247051239,6 (Step-1)
