Model,Horizon,MAE,MSE,RMSE,MAPE,R2,MAE_Sudden
dlinear,6,0.08097331745337633,0.012637514762412845,0.11241670143894476,1.0051250926578608,0.954734779553398,0.1214140271231695
