Model,Horizon,MAE,MSE,RMSE,MAPE,R2,MAE_Sudden
dlinear,96,0.12945145182537995,0.02978834805289415,0.17259301275803188,1.6059437686430496,0.8938676154586841,0.16954971662149743
