Model,Horizon,MAE,MSE,RMSE,MAPE,R2,MAE_Sudden
dlinear,12,0.09110428897524048,0.01552884343868984,0.12461478017751282,1.131306725911573,0.9443952803996182,0.11387223609049117
