Model,Horizon,MAE,MSE,RMSE,MAPE,R2,MAE_Sudden
dlinear,48,0.11362731032934086,0.02314180925878107,0.15212432172003618,1.4105470614850302,0.917318673324496,0.15446062460101775
