Model,Horizon,MAE,MSE,RMSE,MAPE,R2,MAE_Sudden
dlinear,168,0.15683685954898702,0.043948910567878974,0.20963995460760568,1.9388915427761302,0.843980001468431,0.19214246919690287
