Model,Horizon,MAE,MSE,RMSE,MAPE,R2,MAE_Sudden
dlinear,24,0.10087441780214233,0.018510335517397027,0.136052693899816,1.2512641086901992,0.9337640924328723,0.14482107043532452
