Model,Horizon,MAE,MAPE,MSE,RMSE,R2,Pred_Len
SpikeDLinear,48,0.816091775894165,3059206.0546875,1.3164098262786865,1.1473490429153137,0.9856672286987305,48 (Step-1)
