Model,Horizon,MAE,MAPE,MSE,RMSE,R2,Pred_Len
SpikeDLinear,96,0.9967650771141052,3722548.828125,1.7848821878433228,1.3359948307696863,0.9804396033287048,96 (Step-1)
