Model,Horizon,MAE,MAPE,MSE,RMSE,R2,Pred_Len
SpikeDLinear,168,1.182037115097046,4028836.71875,2.388132333755493,1.5453583188877242,0.9735330939292908,168 (Step-1)
