Model,Horizon,MAE,MAPE,MSE,RMSE,R2,Pred_Len
SpikeDLinear,12,0.356210321187973,3.415099158883095,0.3604697287082672,0.6003913129853455,0.9907472729682922,12 (Step-1)
