Model,Horizon,MAE,MAPE,MSE,RMSE,R2,Pred_Len
SpikeDLinear,48,0.43272700905799866,4.012744501233101,0.521120011806488,0.7218864258361477,0.986609935760498,48 (Step-1)
