Model,Horizon,MAE,MSE,RMSE,MAPE,R2,MAE_Sudden
dlinear,24,1.1517566613293098,2.825122295021721,1.6808100115782632,1.459379286383229,0.9734835204754911,1.6734607097724432
