Model,Horizon,MAE,MSE,RMSE,MAPE,R2,MAE_Sudden
dlinear,12,0.889810265023003,1.7260316588943798,1.3137852407811483,1.122653393862847,0.9838340496358514,1.5717965100151332
