Model,Horizon,MAE,MSE,RMSE,MAPE,R2,MAE_Sudden
dlinear,48,1.5027978356002054,4.511548167679597,2.124040528728112,1.895653138746224,0.9574955790748398,1.9446218954154757
