Model,Horizon,MAE,MSE,RMSE,MAPE,R2,MAE_Sudden
dlinear,168,2.1834583904346063,9.258404398006038,3.0427626259710165,2.7682106300797584,0.9112456741661543,2.9649219808456233
