Model,Horizon,MAE,MSE,RMSE,MAPE,R2,MAE_Sudden
dlinear,6,0.7187966117579513,1.1252808148008087,1.0607925408866752,0.9026830606186019,0.9894719598202535,1.4393478854166386
