Model,Horizon,MAE,MSE,RMSE,MAPE,R2,MAE_Sudden
dlinear,96,1.8985845658103195,6.656880609527829,2.58009313970016,2.394772642780217,0.9368841583100442,2.410789548393228
