Model,Horizon,MAE,MAPE,MSE,RMSE,R2,Pred_Len
SpikeDLinear,48,5.826191425323486,290.5830144882202,58.069393157958984,7.620327627993365,-0.13951508700847626,48 (Step-1)
