Model,Horizon,MAE,MAPE,MSE,RMSE,R2,Pred_Len
SpikeDLinear,12,2.3368587493896484,109.55144166946411,11.816142082214355,3.4374615753800586,0.767240047454834,12 (Step-1)
