Model,Horizon,MAE,MAPE,MSE,RMSE,R2,Pred_Len
SpikeDLinear,24,4.711655139923096,258.06310176849365,34.1063117980957,5.840060941299817,0.3290400803089142,24 (Step-1)
