Model,Horizon,MAE,MAPE,MSE,RMSE,R2,Pred_Len
SpikeDLinear,168,10.24420166015625,623.5271453857422,146.43283081054688,12.100943385147575,-1.838207483291626,168 (Step-1)
