Model,Horizon,MAE,MAPE,MSE,RMSE,R2,Pred_Len
SpikeDLinear,96,9.034130096435547,511.72122955322266,117.19554901123047,10.825689308826043,-1.2883373498916626,96 (Step-1)
