Model,Horizon,MAE,MAPE,MSE,RMSE,R2,Pred_Len
SpikeDLinear,6,1.490155577659607,59.83772873878479,6.261312484741211,2.5022614740952256,0.876584529876709,6 (Step-1)
