Model,Horizon,MAE,MSE,RMSE,MAPE,R2,MAE_Sudden
dlinear,96,0.07504642135508137,0.010602907526733625,0.10297042063978191,0.9838903896976191,0.8497799129340634,0.13045472145715967
