Model,Horizon,MAE,MSE,RMSE,MAPE,R2,MAE_Sudden
dlinear,12,0.05298530103016723,0.006040614573771161,0.07772139070919383,0.6933203082717917,0.9139394189359671,0.11435565971174629
