Model,Horizon,MAE,MSE,RMSE,MAPE,R2,MAE_Sudden
dlinear,168,0.08189488807479313,0.012750926618663498,0.11292000096822306,1.073815959622763,0.8200149382403527,0.13770110292708693
