Model,Horizon,MAE,MSE,RMSE,MAPE,R2,MAE_Sudden
dlinear,24,0.05852964060078746,0.007013162641112845,0.08374462753581775,0.7665439392232867,0.900139699611958,0.11912114795393744
