Model,Horizon,MAE,MSE,RMSE,MAPE,R2,MAE_Sudden
dlinear,48,0.06628734366704403,0.008495587879341451,0.0921715133831568,0.8688846661914945,0.8792200372908137,0.12313013732960909
