Model,Horizon,MAE,MSE,RMSE,MAPE,R2,MAE_Sudden
dlinear,6,0.04664268343664579,0.005113859293673546,0.07151125291640152,0.6096527963853551,0.9271358498069193,0.11327190287325853
