Model,Horizon,MAE,MAPE,MSE,RMSE,R2,Pred_Len
SpikeDLinear,12,2329.684326171875,27.372142672538757,31848632.0,5643.4592228525935,0.9266500473022461,12 (Step-1)
