Model,Horizon,MAE,MAPE,MSE,RMSE,R2,Pred_Len
SpikeDLinear,168,8194.068359375,125.80784559249878,204455584.0,14298.796592720662,0.5355882048606873,168 (Step-1)
