Model,Horizon,MAE,MAPE,MSE,RMSE,R2,Pred_Len
SpikeDLinear,48,3855.639892578125,57.51758813858032,59445152.0,7710.068222785062,0.8634573817253113,48 (Step-1)
