Model,Horizon,MAE,MAPE,MSE,RMSE,R2,Pred_Len
SpikeDLinear,24,2889.781005859375,34.65981483459473,44870588.0,6698.551186637302,0.8967525362968445,24 (Step-1)
