Model,Horizon,MAE,MAPE,MSE,RMSE,R2,Pred_Len
SpikeDLinear,96,5809.93896484375,97.547847032547,111687352.0,10568.22369180365,0.7444965243339539,96 (Step-1)
