Model,Horizon,MAE,MAPE,MSE,RMSE,R2,Pred_Len
SpikeDLinear,6,1909.6260986328125,20.8413228392601,22837582.0,4778.868276067044,0.9473803639411926,6 (Step-1)
