Model,Horizon,MAE,MAPE,MSE,RMSE,R2,Pred_Len
SpikeDLinear,96,21.14165496826172,79.12945747375488,1020.4563598632812,31.94458263717467,0.2934248745441437,96 (Step-1)
