Model,Horizon,MAE,MAPE,MSE,RMSE,R2,Pred_Len
SpikeDLinear,6,5.002476692199707,16.586922109127045,70.9483413696289,8.423083839641448,0.9503958225250244,6 (Step-1)
