Model,Horizon,MAE,MAPE,MSE,RMSE,R2,Pred_Len
SpikeDLinear,48,11.886085510253906,39.75489139556885,356.529541015625,18.881989858476913,0.7518606185913086,48 (Step-1)
