Model,Horizon,MAE,MAPE,MSE,RMSE,R2,Pred_Len
SpikeDLinear,168,28.71533203125,114.68579769134521,1654.099853515625,40.67062642148046,-0.13658511638641357,168 (Step-1)
