Model,Horizon,MAE,MAPE,MSE,RMSE,R2,Pred_Len
SpikeDLinear,24,8.419933319091797,29.619771242141724,170.072265625,13.04117577617141,0.8813249468803406,24 (Step-1)
