Model,Horizon,MAE,MAPE,MSE,RMSE,R2,Pred_Len
SpikeDLinear,12,6.105716705322266,20.531557500362396,100.44550323486328,10.022250407710999,0.9298179745674133,12 (Step-1)
