Model,Horizon,MAE,MSE,RMSE,MAPE,R2,MAE_Sudden
dlinear,12,0.03932808031165704,0.002989739225985432,0.05467850789830893,0.5305420285395167,0.8073995885571893,0.07363467513574877
