Model,Horizon,MAE,MSE,RMSE,MAPE,R2,MAE_Sudden
dlinear,48,0.04471090043439278,0.003711837964765088,0.06092485506560592,0.6034161664142162,0.7609869666111926,0.08069111268906622
