Model,Horizon,MAE,MSE,RMSE,MAPE,R2,MAE_Sudden
dlinear,96,0.049141349661410406,0.004439154814797164,0.06662698263314319,0.6631756606605888,0.7142566729382744,0.08622254567946372
