Model,Horizon,MAE,MSE,RMSE,MAPE,R2,MAE_Sudden
dlinear,168,0.05266101079456392,0.005093882714046719,0.07137144186610439,0.711246311800215,0.6709093699342391,0.09104649085382951
