Model,Horizon,MAE,MSE,RMSE,MAPE,R2,MAE_Sudden
dlinear,6,0.03791558093438482,0.002823907274533439,0.053140448572941486,0.5114284112651014,0.8180687092403369,0.07308561544473348
