Model,Horizon,MAE,MSE,RMSE,MAPE,R2,MAE_Sudden
dlinear,24,0.041068143033483794,0.003162130701843818,0.056232825839040115,0.554203361182633,0.7963245950986312,0.07672897989996423
