Model,Horizon,MAE,MAPE,MSE,RMSE,R2,Pred_Len
SpikeDLinear,48,0.06441671401262283,0.788508728146553,0.008347795344889164,0.09136627028006103,0.812160313129425,48 (Step-1)
