Model,Horizon,MAE,MAPE,MSE,RMSE,R2,Pred_Len
SpikeDLinear,12,1075.3343505859375,13.454140722751617,3452310.25,1858.03935641848,0.9586091041564941,12 (Step-1)
