Model,Horizon,MAE,MAPE,MSE,RMSE,R2,Pred_Len
SpikeDLinear,6,1034.7557373046875,17.19871312379837,2271014.75,1506.988636320792,0.972771942615509,6 (Step-1)
