Model,Horizon,MAE,MAPE,MSE,RMSE,R2,Pred_Len
SpikeDLinear,96,4350.3623046875,71.87826037406921,33452166.0,5783.784747031998,0.6021643877029419,96 (Step-1)
