Model,Horizon,MAE,MAPE,MSE,RMSE,R2,Pred_Len
SpikeDLinear,168,7167.80517578125,120.24726867675781,84996336.0,9219.345746852105,-0.0036671047564595938,168 (Step-1)
