Model,Horizon,MAE,MAPE,MSE,RMSE,R2,Pred_Len
SpikeDLinear,24,2081.984375,34.908631443977356,7672178.0,2769.8696720242992,0.9080562591552734,24 (Step-1)
