Model,Horizon,MAE,MAPE,MSE,RMSE,R2,Pred_Len
SpikeDLinear,48,2842.297607421875,43.83329153060913,15626875.0,3953.084238920289,0.8131945729255676,48 (Step-1)
