Model,Horizon,MAE,MSE,RMSE,MAPE,R2,MAE_Sudden
dlinear,12,11.612596841481906,396.1949690240477,19.904646920356253,3.4838176149021858,0.9449072131092233,31.30120770951944
