Model,Horizon,MAE,MSE,RMSE,MAPE,R2,MAE_Sudden
dlinear,168,22.48610110379607,1177.7570871234475,34.31846568719889,6.818856623549245,0.8351964877896264,48.36055703632795
