Model,Horizon,MAE,MSE,RMSE,MAPE,R2,MAE_Sudden
dlinear,6,8.24139762326136,221.47243386637024,14.8819499349504,2.4993324139513944,0.9692038835805618,26.077865258260964
