Model,Horizon,MAE,MSE,RMSE,MAPE,R2,MAE_Sudden
dlinear,48,19.113164206471893,868.3758574137074,29.468217750887266,5.715876153564016,0.8791868086045729,41.169113115206834
