Model,Horizon,MAE,MSE,RMSE,MAPE,R2,MAE_Sudden
dlinear,24,15.28815351815729,624.3015181308564,24.986026457419282,4.57386059120704,0.9131764050609472,35.59560744579035
