Model,Horizon,MAE,MSE,RMSE,MAPE,R2,MAE_Sudden
dlinear,96,21.620301225704157,1061.6825828930505,32.58347100744564,6.4455018022251425,0.8521150219114794,43.04129726087411
