Model,Horizon,MAE,MAPE,MSE,RMSE,R2,Pred_Len
SpikeDLinear,6,4.398399829864502,82.02529549598694,88.39826202392578,9.40203499376203,0.8747068047523499,6 (Step-1)
