Model,Horizon,MAE,MAPE,MSE,RMSE,R2,Pred_Len
SpikeDLinear,48,15.268528938293457,283.2382917404175,1238.0902099609375,35.18650607776989,-0.7470932006835938,48 (Step-1)
