Model,Horizon,MAE,MAPE,MSE,RMSE,R2,Pred_Len
SpikeDLinear,24,9.00594711303711,148.6303687095642,428.35400390625,20.696714809511437,0.3940061628818512,24 (Step-1)
