Model,Horizon,MAE,MAPE,MSE,RMSE,R2,Pred_Len
SpikeDLinear,96,21.426565170288086,433.8057041168213,2252.427490234375,47.45974599841823,-2.1619529724121094,96 (Step-1)
