Model,Horizon,MAE,MAPE,MSE,RMSE,R2,Pred_Len
SpikeDLinear,168,23.33009910583496,511.4530563354492,1956.2589111328125,44.22961576967194,-1.7250813245773315,168 (Step-1)
