Model,Horizon,MAE,MAPE,MSE,RMSE,R2,Pred_Len
SpikeDLinear,12,6.573789119720459,129.3584942817688,164.58099365234375,12.82891241112604,0.7668742537498474,12 (Step-1)
