Model,Horizon,MAE,MAPE,MSE,RMSE,R2,Pred_Len
SpikeDLinear,96,13.877586364746094,6.67252242565155,386.8162536621094,19.667644842789628,0.8458959460258484,96 (Step-1)
