Model,Horizon,MAE,MAPE,MSE,RMSE,R2,Pred_Len
SpikeDLinear,48,9.96102523803711,4.781569913029671,208.3177490234375,14.433216863313511,0.9167463183403015,48 (Step-1)
