Model,Horizon,MAE,MAPE,MSE,RMSE,R2,Pred_Len
SpikeDLinear,6,4.656125545501709,2.2255346179008484,53.236602783203125,7.296341739748977,0.9786896705627441,6 (Step-1)
