Model,Horizon,MAE,MAPE,MSE,RMSE,R2,Pred_Len
SpikeDLinear,24,7.524717807769775,3.60751636326313,123.39466094970703,11.108314946458217,0.9506306648254395,24 (Step-1)
