Model,Horizon,MAE,MAPE,MSE,RMSE,R2,Pred_Len
SpikeDLinear,12,6.101897716522217,2.9260484501719475,80.58177185058594,8.976735032882832,0.9677485823631287,12 (Step-1)
