Model,Horizon,MAE,MAPE,MSE,RMSE,R2,Pred_Len
SpikeDLinear,168,18.2508602142334,8.862676471471786,611.08056640625,24.720043818857807,0.757936954498291,168 (Step-1)
