Model,Horizon,MAE,MAPE,MSE,RMSE,R2,Pred_Len
SpikeDLinear,96,6698.30078125,70.75960040092468,98316696.0,9915.477598179525,0.8782548308372498,96 (Step-1)
