Model,Horizon,MAE,MAPE,MSE,RMSE,R2,Pred_Len
SpikeDLinear,24,3771.287109375,52.247899770736694,28029754.0,5294.313364356137,0.9663097858428955,24 (Step-1)
