Model,Horizon,MAE,MAPE,MSE,RMSE,R2,Pred_Len
SpikeDLinear,168,9475.4482421875,94.67622637748718,178379040.0,13355.861634503406,0.7762276530265808,168 (Step-1)
