Model,Horizon,MAE,MAPE,MSE,RMSE,R2,Pred_Len
SpikeDLinear,48,4804.78173828125,58.673566579818726,50419668.0,7100.680812429186,0.9386100769042969,48 (Step-1)
