Model,Horizon,MAE,MAPE,MSE,RMSE,R2,Pred_Len
SpikeDLinear,12,3379.587646484375,49.41906034946442,21790782.0,4668.059768254901,0.973966121673584,12 (Step-1)
