Model,Horizon,MAE,MAPE,MSE,RMSE,R2,Pred_Len
SpikeDLinear,6,3037.390380859375,42.636749148368835,17414158.0,4173.027438203588,0.9792571663856506,6 (Step-1)
