Model,Horizon,MAE,MAPE,MSE,RMSE,R2,Pred_Len
SpikeDLinear,24,6.450936794281006,73.29848408699036,86.24471282958984,9.286803154454704,0.9350002408027649,24 (Step-1)
