Model,Horizon,MAE,MAPE,MSE,RMSE,R2,Pred_Len
SpikeDLinear,168,22.126220703125,307.3305130004883,838.797607421875,28.962002821315295,0.3767686188220978,168 (Step-1)
