Model,Horizon,MAE,MAPE,MSE,RMSE,R2,Pred_Len
SpikeDLinear,6,3.8140735626220703,43.89751851558685,31.646636962890625,5.625534371318926,0.9761050343513489,6 (Step-1)
