Model,Horizon,MAE,MAPE,MSE,RMSE,R2,Pred_Len
SpikeDLinear,96,17.097291946411133,228.27990055084229,497.4116516113281,22.302727447810685,0.6277667880058289,96 (Step-1)
