Model,Horizon,MAE,MAPE,MSE,RMSE,R2,Pred_Len
SpikeDLinear,12,5.750145435333252,73.70091080665588,60.41032028198242,7.772407624538385,0.9544145464897156,12 (Step-1)
