Model,Horizon,MAE,MAPE,MSE,RMSE,R2,Pred_Len
SpikeDLinear,48,8.837052345275879,103.17949056625366,159.6433563232422,12.635005196803133,0.8799745440483093,48 (Step-1)
