Model,Horizon,MAE,MAPE,MSE,RMSE,R2,Pred_Len
SpikeDLinear,96,19199.423828125,77.02663540840149,840709632.0,28994.993222968686,0.8690218925476074,96 (Step-1)
