Model,Horizon,MAE,MAPE,MSE,RMSE,R2,Pred_Len
SpikeDLinear,168,26472.556640625,101.70820951461792,1525022720.0,39051.539278241005,0.7641629576683044,168 (Step-1)
