Model,Horizon,MAE,MAPE,MSE,RMSE,R2,Pred_Len
SpikeDLinear,48,14623.9404296875,65.7826840877533,525684320.0,22927.806698417535,0.9177034497261047,48 (Step-1)
