Model,Horizon,MAE,MAPE,MSE,RMSE,R2,Pred_Len
SpikeDLinear,24,10159.77734375,51.79298520088196,211181056.0,14532.069914502888,0.9668585658073425,24 (Step-1)
