Model,Horizon,MAE,MAPE,MSE,RMSE,R2,Pred_Len
SpikeDLinear,6,5646.08544921875,38.118889927864075,53544148.0,7317.386691982323,0.9915816187858582,6 (Step-1)
