Model,Horizon,MAE,MAPE,MSE,RMSE,R2,Pred_Len
SpikeDLinear,12,8311.4013671875,52.51034498214722,122048544.0,11047.558282263099,0.9808229804039001,12 (Step-1)
